district,pop_density
Sindhupalchok,110
Gorkha,120
Dhading,160
Nuwakot,170
Dolakha,130
Ramechhap,125
Kavrepalanchok,220
Kathmandu,4400
Bhaktapur,3200
Lalitpur,2800
Makwanpur,180
Sindhuli,160
Okhaldhunga,150
Lamjung,140
Chitwan,260
Solukhumbu,45
Khotang,180
Bhojpur,170
Udayapur,160
